Title,Views,Number of Replies
Remainder program with 'for' loop not working,90,1
Onclick in CSS,55,2
Php setup..help please,72,1
Opening vertically instead of horizontally,988,22
How can I speed up my website,532,7
Splitting apart CSS elements along with the background,757,17
How to hide a div 5 seconds after clicking on an element,204,3
How come .jacketd requires a 2nd ClickHandler?,1622,95
NextJS: How could I edit the CSS-loader's localIdentName in webpack?,53,0
CSS Drop Down Menu hidden behind horizontal scrollbar,3348,38
I don't know how to use hammer.js to transition my slides,135,2
Clashing functions causing issues,93,0
Child element,236,4
Should be id as index or unique VARCHAR?,134,2
Hamburger menu space allocation confusion,111,0
Conditionals in less,281,2
Psuedo line,134,3
Read this before posting here,99,1
Reduce spam score of website,717,11
How to print one value from one variables in php,232,11
Cannot Find Nuget Package For Dotnet Core Web API Project,98,0
Loading Live Sensor Data To D3.js chart,149,3
How much RAM and Processor for programmers,251,5
List and link php files in a folder and its metatag description,2767,66
Did I set up this ClickHandler correctly?,163,2
Where can i find this landing page when the form is submitted?,342,16
Format a string to a date,364,9
Using Reduce method in an exercise,178,3
"A plugin for wordpress that I click , go middle of that page",266,1
Format a string as a date,215,4
What is right tricks to get high quality backlinks?,308,6
document.getbyID not working on a specific case ... works on most cases,587,12
Can i get some help on setting up this jquery or javascript either,296,3
Getting and using values from selected Object.keys,158,1
Bootstrap 5 card image overflow issue,161,1
Getting object key by 'indexof' value of dropdown,139,1
A PHP code to count visitors per IP addresses,620,5
Display page-breaks at regular intervals,501,9
Advise/feedback on how to attract page views,663,4
Login form partially working -using PDO MySql,1121,46
What should be used in the querySelector?,711,36
What can be used to position a group of absolute items?,420,4
Is there a way to find out what this (custom) font may be?,507,6
How to promote my website in Netherlands,328,8
Preventing YouTube From Autoplaying Behind Container,1578,63
"July 2021 Photo Challenge - Birds, Bees and Butterflies",1386,33
SASS doubts,366,7
Changing YouTube border color to multiple colors via api,168,0
Reshuffling menu bar adding some more items,298,3
Attaching timer to a piece of javascript,190,0
Passing variable inside Javascript,173,0
Need help advertising,844,6
Arguments of array_walk_recursive(...),274,3
Php login system not working,227,1
Toggle 1 and 0,297,15
Call External (Off-Site) Files from an External (On-Site) File,354,5
Discussion on Positioning and other related positions issues,1592,23
Create multiple Dynamic columns in an MSSQL,362,6
How to separate 'foreach' between pages in php?,175,1
Radio selection and Price updating,238,5
When i name the Button Button does that mean that if other buttons are on page it could activate?,169,1
Add reply by email link to RSS feed for each post,164,0
parentNode vs. ParentElement,256,6
"What exactly is .containers job in this code, and should it be called something else other than container?",247,4
Analytics JS libraries,494,8
Web page looks different in every browser - What can I do?,458,7
Change tab name every 3 seconds,386,2
"Reliably forcing https, my attempts not working",135,1
Bootstrap modal - display modals content in page as well as behaving like a modal,158,3
Mobile version website speed slow,187,2
Closing </div> tags,211,1
Javascript window scroll movement capture upscroll without JQuery,1215,28
Full Source but issue with one line of JS code,310,4
Responsive div at the end of a horizontal line,356,12
Eyeos alternative,153,0
Got FATAL ERROR on a coding challenge,239,5
I seek some guidance about how to create a multi-page contact form,620,12
Post a Funny Sign ;),149450,4092
Sizeof() warning,178,2
Using pseudo-elements to change border to a different color,198,1
Books about dependency injection and inversion principle,292,5
JavaScript is not Running On my Website,284,7
Is this a good solution for creating a responsive table?,350,8
How do I add a Navigation Drawer over the Tabs Template,153,0
Disable scroll-top on back button with SPA functionality,153,1
What is it called again I am having an Brain fart,335,8
Run a function when no actions from user for specified time (pure JS),272,3
Getting 1 image to appear instead of 2,561,11
I need some feedback on my React portfolio website,582,10
Have 2 google autocompletes on one page,199,2
Round corners to inside of a box,186,2
Displaying an image in another Drive,589,13
Flex WRAP discussion,4171,57
I don't understand why,278,2
Select2 Multiple Select - Unable to change font-size of options,270,4
"Responsive, centered and aligned",312,3
Obj.dot.function,309,5
Is the Tor browser better or worse than a VPN?,1146,14
Create a range slider,172,1
Securing a Web App Using JWT and Vanilla Javascript,194,1
Python program with signals,131,2
Adding sliding door page transition,826,27
Help needed with Sequelize,130,0
"How to keep the blurred background, but not full size pic if scroll outside the main pic",835,15
SEO: What is the point of this?,552,7
JS Function for Multiple Links,291,4
CSS animation discussion,1250,23
How to change the case of 2d-associative array,223,3
"""Non numeric"" error",598,10
Select an id value from a variable in JQuery,460,3
I want to show steps and process in design,492,5
How big should my logo element be in comparison to text?,444,4
Is there any way to get realtime data from bigQuery SDK / API,167,0
Can someone optimize my website speed and image optimize,273,4
My website images not open,200,3
What size width are these vertical lines on this image?,310,3
How to handle one page if the URL of this page is written wrongly by chance?,206,3
Computer humour,96819,850
Unable to scroll after play button is clicked,324,5
Page showing up as source text,291,8
Page display when upgrading to php 8.0,271,8
Using Percentage or Transform,205,1
Migrating from 7.0 to 7.3 question,302,2
Python Syntax Error,293,8
Convert Svg Zigzag border to Css,284,4
When image is clicked (along the bottom) repeat appears,189,1
Remove Gold Bar,197,2
Magento 2 payment gateway in Australia,152,0
Which One Does Linking To Self Page With Absolute Url?,226,3
How To Sanitize & Validate User Inputs On These Types Of Inputs?,230,4
On FILTER VALIDATES Which One To Use: '===' or '=='?,189,3
Am I Safely Echoing User Submitted Links On My Page On Commenting Section,180,3
Is My Pagination Numbering Correct?,202,3
How would I set the height of this to 100%?,188,2
PHP & MySQL Novice to Ninja Chapter 2 include failed (include_path=â€™.:/usr/share/phpâ€™) in warning,170,1
SPA/AJAX causing other javascript not to work,321,5
PHP Future,898,18
Is it possible to have an animated css flame around a div border?,386,7
Need Help Convert jQuery Code to Pure Javascript,336,8
Trying to get the svg's on top of the circle,850,28
Transitioning background image choppy in Chrome,239,4
Refactor Helper,148,0
Latest book you've read,13610,149
PDO with parameters,332,3
What is the best way to learn Python,623,5
SSL Intermediate Certificate Missing,266,4
Any case(both upper and lower case),164,1
How make default directory for GIMP in kubuntu 18,146,0
Need help for this position and percentage,220,2
Trying to get the black to be able to see through to the image,787,24
Trying to cleanly remove part of a JavaScript code,265,4
Can anyone see anything wrong with this code?,845,28
My AJAX disables another JavScript function,214,4
Blog linking,791,11
Adding regions to multiple pages so every page is competing for my client in those regions,222,8
Need explanation to understand this coding problem!,202,1
How do you find out the bitrate of an audio stream?,258,2
How do I save a document all across every device my users are using?,184,0
Urgent: SQL script error on database test,241,1
Centering Image With Multiple Borders,191,4
Local background image not loading?,239,2
Using another brand's product in an image for a wholesaler's website,183,4
PHP & MySQL Novice to Ninja Chapter 2 include failed to open because the directory does not exist,310,11
Times they are a changing and for the best I hope,187,0
Do search engines look for sitemap.xml even if not declared in robots.txt?,217,6
Fatal error: Uncaught Error: Call to a member function prepare() on null in C:\xam:6 Stack trace: #0 {main} thrown in C:,191,3
I need help on removing items and formatting price from shopping cart,464,8
Async Await for a loop within a loop,150,1
How to get values from textboxes,511,5
"Moving an image up, down, left, right inside a div?",379,11
How to display error without alert box using JavaScript?,242,5
Transparent Header,288,8
Do social sharing links present on a webpage effect seo?,457,6
Any way to compress a cached file?,261,1
Degrade Image Quality,385,16
"Responsive site only works with absolute url, weird hosting setup",282,3
How would I remove the $ marks from this JavaScript code?,302,4
Typescript and Array.reduce(),450,7
D3 transition() - bars transitioning from top left corner instead of their x axis position,169,0
CSV in javascript,283,2
How to check a character in middle of sequence?,425,7
"Hide component and set cookie when button clicked, using next-cookie in React",179,0
How would I make this grid responsive?,778,19
How would I remove jQuery from this code and have pure JavaScript?,180,1
Why is my body width smaller then the viewport when trying to create responsive content?,223,3
Good collaboration tool for website inspiration library?,338,4
How come Google Docs font is blurry when logged in on Chrome?,279,1
Page header tag outside of article tag is bad for SEO?,737,7
Learning Paths,161,0
Acrobat Script to require Multiple Check Boxes To Be Checked Before Allowing Digital Signature,246,8
Not show the time/seconds until 'record' starts on html5 player,473,10
Attempting to create a frequently asked question accordion,324,9
What is the correct custom 404 page server response code?,401,4
Fuzzing: can't understand assigning more energy concept of lookahead analysis,338,1
3d animation,529,8
How to always hide a div when the submit button is first clicked?,347,2
Getting the Error Illegal Invocation at Object,1045,11
Code Refactor and understanding confusions I have,305,2
Using isset with $_get,480,7
Assign Different Scripts for a Field based on Radio Button Choice,288,2
Should I add a timer to my coming soon page?,575,8
How to Protect Your Content from Being Copied,440,6
How to link to a section of another page.. help,260,4
Adding a Circle around 2 words,240,1
How do I create a line break here to separate two lines?,206,1
MYSQL table and utf8_unicode_ci,367,3
I cannot display this API data,234,3
How to insert UUID values inside MYSQL table using SQL command?,484,3
How to protect WP login page using functions.php,219,1
Flex centering outbidded by position sticky,476,10
Help with jquery hide with select option,627,9
What would be more profitable for E-Commerce Site?,301,1
How can I horizontally Scroll some columns and rows in html table?,614,12
Very simple test script for handling POST requests with NodeJS: get getting 'undefined',659,15
Google Dev Console and Netlify Analytics both have WAY differ results. Which is more acc,673,9
Problem with indexing a page on Google,455,7
Blur Style,248,0
Why does my mobile nav controls (close and open) turns blue after I hover and hover out of it,339,14
"Non technical question,but relevant to opportunities related to Python",319,3
Leave a trail behind scrollbar,278,3
How to use composition,315,2
Dynamic aspect-ratio to images via JavaScript jQuery,217,1
Simple conceptual question,356,3
Newbie Know Nothing ?: adding a wildcard to a javascript snippet,199,2
How do I make a dynamically generated script run in a div,473,3
Dropping and adding a foreign key,266,1
Remove books from dashboard,1550,2
Google Contacts MYSQL table,721,15
Animating circular image border,332,3
Pseudo full width to header using CSS shadow property,350,7
Understanding scalability through hypothetical example,708,5
Windows 10 How Do You like The New Update Everyone,808,18
How to write tests for vue menu component using Jest,170,1
Iframe height proprtionation issue,380,4
Revising JS Async/Promises,179,1
Entering text into Form to scroll contents,1470,27
Need Project Suggestions,311,4
Nav menu hidden by website background,286,3
Why json_object start with comma?,282,2
AMP version at the following address not work,401,4
Omg how is this done,319,2
Laragon - phpMyAdmin error,527,6
Decrease progress bar on radio input value click,762,18
Gap at the side of the flex container,350,7
Delay jQuery countup until in view?,299,4
SQL query into query into query?,311,3
Problem counting clicks,238,2
How to speed up my redirects,402,5
Where has opera gone?,954,16
"Laravel class error, PHP issue",240,1
[GAME] I'm so old,8133,90
Woocommerce adding wrong keyword in the title,257,4
Paradox pinocchio,294,1
Horizontal navbar flexbox responsive layout,244,1
Easiest Way To Implement Predictive Search On An Intranet Site,225,0
How To Display Shopify Products in Wordpress Template Files,257,0
Form callback phone request (contact form),259,0
Slideshow inside a mobile device,734,13
Firefox developer tools? highlighting page layout,323,5
Toggle menu on mobile icon not where it needs to be,297,1
Any way to make an html5 player poster transparent?,282,1
Order MySql result by number of rows,299,1
How do I modify an external cdn js file on my html file to change opacity?,376,6
PHP PDO MySQL Parse/Filter Data before MySQL,587,14
Device detection using Matomo,778,11
How website speed is affected by Google new Alogorithm?,318,5
How to manage updated Composer inside Laravel,354,2
Html css gaps between link buttons horizontally navbar,366,8
What is the most popular social media platform?,540,7
How do I reflect a rating button that has javascript codes?,256,3
Null Coalesce Or Increment,226,1
Is there a good or bad color choice for css outline property?,252,2
Merge Html before/after slider in Html carousel,187,0
Advanced filtering in React,197,1
Trying to get the average of a count resultset using sql server 2016,321,2
Help with reducing Modal from full page to smaller,260,1
Menu Bar Not Scrolling Down,343,5
Php preg_match_all issue,321,2
Using RSYNC to update local files - can this be improved?,433,3
New Avatar game (James Cameron's Avatar) - Avatar: Frontiers of Pandora,214,0
Major Internet problems,536,5
Starting out learning OOP in PHP - am I going about interacting with forms in a good way or not?,721,10
Using AJAX,343,2
Problem downloading SitePoint book to iPhone,256,1
How do I center my content in the middle of the screen?,419,4
ESLint & Prettier : as VSCode Plugin and Command Line,238,0
Webiste Loading CSS/JScript Not Completeing - Worked For Years?,243,2
Playing with Arrays,256,4
How can I get the response payload content?,299,11
Clone and insert HTML in all occurrence in pure js please,280,3
My JavaScript stops working after a jQuery AJAX request,329,3
Complex Mysql with 3 INNER JOINS,503,6
How to loop through an update query in pdo?,437,6
How to manage updated NPM dependencies inside Laravel,403,3
Mic not working on PUBG Mobile?,356,3
Help with php coded refresh after content sent,304,1
Where in AWS console I can see all instances/other active objects?,307,0
Event driven,219,0
Best way to add script dynamically,236,0
Landscape or portrait orientation using responsive design,487,6
Insert HTML father in pure javascript please,307,4
The PHP we all deserve (Fantasy features),444,5
How Much Does A Coder Get Per Week on Average? ($$$),295,1
How in Chrome set default directory?,259,0
How to add see more button to multiple UL if LI length exceed than 5?,364,5
Should I use GoDaddy for my domain provider?,1641,26
Help with Console error,546,4
Updating chart realtime from json url need help,320,1
How to change groupMax in dataAxis base series in AmChart,184,1
"0 1 ""[rollup-plugin-dynamic-import-variables] Unexpected token"" vite js error when building",484,14
Wordpress domain mapping,341,2
Bubble sort program printing zeros,276,1
Arabic text,476,8
Should all form elements have the same border radius?,295,1
How to make a responsive web page? what to do?,566,6
Coding Languages *game*,1177,36
Query regarding fund's withdrawal,339,3
Is it possible to modify a forum's settings without having access to the remote CSS files?,1654,2
Anyone has experience with Snowpack?,153,0
How to Fix tooltips value not rendering in AmCharts,321,3
Php Beginner,277,1
Overlapping divs,1062,20
What is the name of the process & the responsible person to define the project structure?,342,2
PASSWORD function missing in Mysql 8 - what to do!,1720,20
Index TypeScript,407,8
I want to download the woocommerce customer list of my wordpress website?,278,0
Do people trust online forms?,730,9
YouTube parameters: encrypted-media; & clipboard-write; means what?,940,1
Does the speed of my website have anything to do with my hosting provider?,289,3
How to insert dataset in AmCharts StockChart via Rest Api,412,8
How to make this chart with SVG shown in example?,559,8
How can less than a full screen appear?,503,2
Font.loadAsync in React Native Expo,659,1
I Want JavaScript To Redirect - Not Working,600,11
"Searching for ""accounting"" software",536,4
Need help with dynamic updating high chart,361,4
Discord.js Permission Module keeps printing undefined,256,1
Off Page seo,302,2
WOW-slider: different images for mobiles?,422,4
Freenom account registration,318,4
Design and CSS colour idea for a hobby site project?,321,1
Allow camera access - show camera view but don't start recording video,774,8
How do I click a button to play iframe from google drive?,425,1
Need help with live data chart from database,353,1
List gets small when resize the window,540,8
Figcaption doesn't accept <a></a> as a child using appendChild(),382,4
Using Netlify,348,1
Word Association,24824,2635
How spread operator is used in the following code?,268,3
Chrome: Disable Auto Sign-in to Twitter,474,2
How to replace certain variables in the vite js dev server,286,1
How to convert OST to PST files within less time,282,1
Wordpress form and security,360,2
Recaptcha and form validation,253,0
Converting the output of alert into a string that i can send to another section of the program,494,4
setAttribute with Global Attributes,354,11
Chrome: Uncaught (in promise) DOMException: The element has no supported sources,902,3
PHP inside HTML with an error,334,3
Best way to show/hide search bar in header when scrolling,362,3
Arrays in objects,354,3
CSS pseudo-element & Top property for Firefox only?,452,5
Two listings on Google Maps/Business with a single website?,903,4
Submitted forms without visual HTML,391,4
Setting vars too early?,312,4
How do I fix this error?,304,1
PHP value inside Javascript variable,201,1
How to see a log and values inside Console?,303,2
Non-existent html tag & browser rendering,346,2
How to test local storage?,316,2
Javascript alert inside php is ignored,308,3
Not loading CSS on same browser?,313,3
Search and show images with a given metadata,446,7
Using an ordered list in a CSS grid,1307,10
Popup windows with scrolling,348,1
Pulling out object {0: },240,1
PHP form seems to have update issues,499,6
Closing php loop correctly,743,6
Dependency Injection,506,7
CSS-Grid... giant gaps?,601,4
Highlight text from Autocomplete (Make Characters Bold as we Type),317,5
My toggle navbar doesn't work,625,11
Why is the selection removing the strike line made by the strike tag?,592,12
Confirm()?,409,4
Stop rogue backtick from getting rendered,562,7
Using function instead of class component in React,324,2
PHP form not working after update,351,4
Site transfer from local server to remote hosting,329,2
Passing arguments to an object's method,1329,54
How to use Apache Reverse Proxy Server to service to multiple web server?,956,7
Payment gateway without registration,583,2
Help to make a speeding ticket program,540,11
XAMPP shows too many icons,468,6
Listbox and open input field,283,2
Copy from one sql to another,430,2
Why is CSS not changing my updates in localhost and VScode (I got the most Decent answer already),627,16
How to delete all HTML elements that includes a certain special character?,660,10
What are your top SEO Link Building Methods?,1029,11
Help with Upload functionality,584,8
A problem with the ASCII encoding detection,639,9
How to get PHP into a WP pagebuilder,499,4
CSS text-transform 'capitalize' is accidently capitalizing letters after an apostrophe,348,3
Adding to markup with Javascript,214,1
Mobile navigation,2129,113
Adding code to allow me to save the values in the code,256,5
Insert...select query,448,3
Time input denies seconds change,316,4
Ensuring a website works on all browsers,786,12
Reset works partially,255,2
Trying to understand a javascript function,663,11
Joomla admin session ends prematurely,320,0
Updating Localstorage like a Database,559,6
Your idea about my functional component code,288,1
Triggering a function from client side Node.js,352,2
How to loop through this data in JavaScript?,193,3
Want to create a frame which showes up by clicking a button,354,7
Running Android Studio on Remote Desktop,326,0
Hiding a div with a close link within the content,460,6
Can I have an article and aside in a section?,275,1
How to limit forEach to work only on a certain area or list (such as a very certain ul or ol list)?,438,7
CSS :hover with background-image not working,519,10
Struggling to see the problem [Solved],439,8
Need explanation on a coding challenge,605,8
Date/time conversion keeps outputting NaN:NaN:NaN,521,9
Creating a multi-sliced SVG Pie Chart,869,8
Accessories listed based of vehicle make and model (Plugin?),388,0
Adding a animated ease in to a jQuery function,264,4
Absolute positioned background without horizontal scrolling,351,1
Correct way to mark up a testimonial,321,2
CSS animation stops when mouse leaves element,455,4
How to build a RoR forum,1148,5
Jquery conflict validation above jQuery file?,307,3
Speed formula,504,10
{{thumb}} into PHP variable,361,4
How Do I make a PHP login and signup form without MYSQL or database?,1567,27
How do i validate form with PHP and JS?,605,6
Displaying data from nested objects,203,2
Largest font for a mobile device?,371,7
Inline .css versus addClass / removeClass,331,5
Full width button or left aligned that's not full width?,345,6
Should I load fonts first in a document?,272,3
If it is is it possible to control how many lines the <br> tag brings down?,331,4
A syntax error,244,1
Chaining methods by returning the this keyword,223,3
Which are the best Off page activities?,400,2
How to insert a comma in a string,339,6
Why is the quiz not showing HTML,238,1
Navigation a hover style,405,11
Replacing numbers with words,335,6
"How to put the day of the function get_the_modified_date ('l', $post_id') with the first capital letter?",384,1
Payment gateway with handle 'wc-payment-method-cod' has been deactivated,587,2
What's the use of userCallback in reactJS,257,1
Htaccess rule for redirecting .co.uk to .com,504,5
Understanding array merge by index: some questions,306,1
Using the : not pseudo selector,282,3
Mobile blog,11611,288
Trying to get property 'num_rows' of non-object error,363,2
Anyone can tell how to get web traffic?,550,4
PHP Fatal Error with inserting stuff into database,329,13
Curly braces is deprecated and Parameter must be an array or an object that implements Countable,388,6
Keep Mega Menu height Responsive for 40% all the time,290,3
Stop PHP script being run directly in browser,576,12
Do_shortcode question,425,2
TypeScript in React-Native,279,2
"How often do you ""Rubber Duck Answer"" your own forum post?",1574,7
Changing 2 IDs and COMMAs to a variable in PDO,453,10
"How do users get the subtitles eg mentor, advisor, on SitePoint",632,17
Planning the code of a website,699,8
Typescript question,336,3
How to avoid a warning message?,294,5
Sort an array,340,3
Where should I align this text/paragraph with the header text?,338,2
How to find a FacebookPageID?,257,0
Change navigation left bar colors while changing sections,256,2
Upload oop class,235,1
INSERT statement,463,7
Should all sides of a card have equal padding?,374,5
Make a <li> menu centered,833,15
Basic understanding of JSON: Finding via HTTP request?,390,3
How do I fix this?,328,4
WP and lost password layout,302,0
How to get these to line up horizontal and not display on top of each other,726,10
Generate HTML so that second dropdown can be based on selected value of first dropdown,1328,16
Name of duplicated field,346,7
About domain under mailchimp,415,0
Use WebP images inside background,262,1
Background colour of nav bar when over content with the same background?,444,4
How to hide warning messages inside error_logs?,254,1
MySQL displays every user's information instead of the logged in one,482,19
Component from Google AutoComplete,152,0
Remove array object by value,751,19
Google map and forced markers with Image icon,170,0
How to format correctly this array (titles),242,5
Apache slow down,368,1
Statistic charts,328,3
Search bar on homepage and it's position,322,1
Textarea retains formatting,510,9
Position Sticky not working?,866,4
Center or left alignment of content for cards?,653,9
Roundcube Error due to Php,419,10
"Optimising a panel ""scroll to bottom"" animation and trigger",442,5
Browser-supported method to obscure images?,391,4
Carousels vs off-page scroll/drag/swipe of cards,327,2
jQuery not working on Wordpress page. What am I doing wrong?,294,2
SCSS and variables,297,2
AMP - Wordpress,356,1
YouTube Iframe API Embed with No Ads on Video,384,5
"Algorithm for the ""Most Cubic Column"" of N objects",387,10
"On some pages, a particular image does not load on phone. Any explanation why?",453,7
Need help in deploying a webpack project on codesandbox.io,420,2
jQuery hover help,342,8
LEN(non-English),533,5
Setting up a development enviroment in Docker,567,1
How Are Unloaded Images in My Image Directory Affecting My Page Load Speed?,544,2
How do I make the test subfolder into the home page for the root of the domain?,614,4
Image Gallery UI: How to handle lots of images?,380,4
Using a Button to update a cell in database,422,5
How can I stop audio,260,2
CORS issue from audio file in same directory?,513,2
Calculate 2 different values for the past 6 months in one query,468,3
Pseudo element as background inside CSS,263,1
Define variables inside while loop?,317,3
How to point two url in the same place .htaccess or wp function?,484,2
Too many redirects occurred with php referer code,293,1
How to add row above fixed navbar in bootstrap 4,385,1
Variables and a conflict using two ID's inside Javascript,241,3
Comparing data,1192,22
"New form of marketing, I dread to think of the cost!",577,4
Personal site,934,9
Functions and classes,440,5
Image gallery - javascript problem,541,6
Keyboard shortcuts for navigation,356,1
3 col practice,1311,35
How to create drop shadow under Nav menu when menu is sticky?,288,3
Uncaught TypeError: Cannot set property 'innerHTML',524,4
Object is defined but JavaScript says it is not,316,6
Link to audio - listen on same page,546,18
Which version of SVG should I learn?,379,3
"If I'm learning UI design and sharing my results in social media, do I need permission to use images?",531,4
Text color on tag/button,441,5
Gulp minify css and js.. pointers please?,470,4
Text Area Form attribute help,301,6
How to load iframe with ajax after click event,277,1
"Trouble with navbar and logo in header, Responsive",307,1
Bizarre Mysql problem - slower results in more powerful server,727,9
AlertBox inside modal,257,5
Why I am getting this error in forEach function,281,3
Setting language folder inside WP without translations,321,0
The rest part of SUBSTRING_IDEX,1154,24
How do I show duplicate values via ajax of textareas in mysql,456,1
Wrapping text in flex-item?,375,5
"Mouse over table record issue, HTML CSS, PHP",314,4
Using GET to download the contents of a text file to be put into a variable and used later on outside of XMLHttpRequest scope?,440,4
Redirect to the receipt file,275,2
How to store DOM elements inside localStorage?,900,13
Is it okay to populate data-* attributes with links?,417,3
Loading photos from Flickr,188,0
How do i use this php parser with mysql?,252,2
Giving Virtual Life to Digital Bison Calves : Run Update Inside Select Query in Mysql,696,18
"Px, em's and %'s",807,12
How to manage init without jQuery function?,442,7
Search two keys,337,3
Convert this writing style into HTML,266,3
Trying to use ocr tesseract into a web page,205,0
When creating elements with Javascript they appear below my â€˜popup-modalâ€™ form,599,14
Using specific face for @font-face in TTF file containing multiple faces,312,5
Array_merge() problem,216,1
Loop through an array,397,6
Change position with scroll?,232,3
Help with the code,249,1
Troubleshooting headings - Foundation 5,434,21
Curl error thrown for http POST to /session,407,0
Can anyone suggest me good TDD framework for Node.js API Development,283,3
How to auto adjust li length,492,10
Phpmailer SMTP settings for Godaddy,385,1
April 2021 Photo Challenge - Bridges and Tunnels,1314,25
Why is footer in <article> element?,500,15
No-index subfolder,366,1
Looping through Array and pulling out specific pairs,456,7
PDF cannot scroll in modal viewing in Ipad,434,6
How to restrict Google map to Europe or EU?,178,0
"Tryng to set web notifications, but",364,5
How to make autocomplete address detection for a mobile and larger view?,356,4
Can my code be made more efficient?,461,13
Update existing value on column using a database MySql version 8.0.17,481,4
How to get progress message in a php script,625,13
Test for null value in the code at the time of submitting a form,249,3
Iframe page load transition,351,1
Confusion regarding percentage width size of hyperlink,595,9
Got stuck on a hard javascript challenge,285,1
Webpage lifecycle and socket.io client disconnection,173,0
How to disable an input after submitting form data?,242,1
Mixed Associative Arrays,377,4
Problems with AMPPS displaying php code,424,2
What is the contrast of static IP address and dynamic IP address?,540,3
.each function on Sitepoint's web site,298,5
CLS issue Problem,200,2
How to setup a custom domain to a SAAS?,410,1
Close Gap Between Header Image and Top Paragraph,266,4
How with tailwindcss make toggle button with 3 states?,349,0
A simple text slider,480,11
Why does Google search console not detect associated domains?,367,0
"""Cannot change session name"" error",511,8
Calling some part only with $key,714,13
Simple database front-end for simple small business,859,10
A tough MySQL question having to do with LEFT JOIN but to exclude,1199,12
A noobie tries to use jQuery with an existing javascript plugin,390,2
Complex: 3 LEFT JOIN not producing results,517,6
I am New to the Apache Server can someone teach me the basics? (XAMPP V3.2.4),453,8
"Data does not go into the database,What's the problem?",318,5
How to remove [ ] inside another array?,196,4
Draggable Jquery not working in mobile,390,2
What's the best way to make an email signature for Office 365?,443,5
Sliced images in an HTML page get chopped?,561,6
Are the javascript tags located correctly?,258,4
HTML form validation without block submit,361,3
What code editor can support all languages and you can set up custom domains and is free? ðŸ˜€,878,13
HMTL5 Canvas does not work for Mobile,377,7
Flex right and left division with certain gap in the middle,2148,49
Did you hear about the exploit yesterday?,747,3
Is stroke-dasharray supported?,590,7
Validating country inside form,184,1
What is your favourite nonsense rhyme,1014,10
Getting Started with SEO,1135,15
Hidden Input Doesn't Change Serverside When Updated in the Client,581,11
Condorcet Shulze,180,0
Contact Us Link,221,2
Undefined variable error in array,213,1
A question about Self-signed certificate,552,8
How explode values within a PDO query,501,8
Wordpress internal search and spam searches,654,4
Compressing Minify Php brings speed to the server?,241,1
Multiple spaces in html?,542,11
Why doesnâ€™t child component Records get patient id? get prop?,193,0
How to pass jquery $(this) .to a function? Javascript or Jquery,250,2
Can this JQuery code be minimized,392,15
Has Libre Office some other possibility to see long text cells?,275,1
Shows this error when i connect with PDO,222,2
Centering items in Slick carousel,225,1
How can I group this sql query?,693,6
Contabo Port Scanning?,551,4
How can I simplify this validation script,377,4
PDB select with LIKE,372,4
How can I solve this?,288,4
Animated hovering in slideshow,337,2
"PHP How to set $variable = ""$_GET['name']""",338,4
Drop table error?,426,1
Domain name change,464,5
Need help for the alignment and positioning,292,6
Receive Error when i enter my credit card,214,1
Schedule a backup job for our buckets,337,2
"How to turn date(""Y-m-d H:i"") into a string 2021-04-22T00:00",207,2
CSS way to keep logo between variable menu items? Is that Realistic?,303,6
Apple maps and billing,263,0
REACT: generating unique keys,574,8
Wordpress login without dashboard,600,4
Load AJAX data within Tabulator?,370,1
List view need help,744,15
3d cube with animation,376,3
Multilanguage subdomain mod_rewrite,528,2
How not to request a password,951,11
Audio and browser interpretation,483,13
Svg pattern confusion?,295,3
Where does Form Data go -- how to inspect what submitted in Node,345,2
Problems with vagrant,428,2
How do I make it?,391,7
Remove Carousel?,257,1
What kind of coding Nomenclature is this? It doesn't seems to be ternary also,387,6
How to improve broken links and increase page ranking? Anyone help me,966,7
Is FILTER_SANITIZE_STRING sufficient?,530,5
How to find dofollow forums,792,3
Illegal string offset error when trying to display a multidimensional query,311,5
Vue Router paths to pages not linking up,537,5
Help with express validator,248,2
React-native Elements Button Group,1016,4
Animated counter,314,3
Need help with a .gif,816,12
Elements Header in Expo,418,1
I need to know technical information about a website,488,2
CSS animation for a counter,306,6
What is the problem with this code?,265,2
Have cookie laws changed recently?,462,6
Enable input when entering a select,169,2
Where to find Google Analytics Audience overview,562,3
Problem with Quick Tip: Get a Homestead Vagrant VM Up and Running,407,2
Prepared statments to show some mysql data,1259,42
I can't validate data in laravel with ajax without updating the page,288,4
VBA excel function to Javascript,248,2
Get undefined error while trying to follow tutorial,237,3
For Chrome I need Grid ruler plugin with some additive functionality,427,2
Specific format using Javascript arrays (map)?,315,10
MySQL problem in the sorting of column set as varchar(255),422,2
Counter css variables,325,3
Make code work with ajax,315,2
Managed DNS Providers,525,2
Extending Maximum execution time,371,3
How to make a domain work with https when the SSL certificate is registered for a different domain?,845,3
Echoing the value of count,397,5
Error after vagrant up,445,3
Cant config the VM,398,2
Stacked tables td column width,408,13
"Inside a nested object, how to get this to refer to the main object?",334,7
Footer at the bottom of site,568,10
CSS animations with Bootstrap carousel,406,3
"Flexbox, BootStrap or Grid CSS. What should I choose?",490,7
Please explain the difference between these two sets of code,890,24
(Mis)understanding onbeforeunload,289,4
Share website content to Instragram,827,6
Where to get started with matching algorithm research,546,5
PDF and SEO for any URL quotation,1135,10
What's SitePoints slogan?,521,4
Landing a front-end web development job,561,4
Image animation on hover,642,20
Height vs width,390,5
Unix time conversion,408,5
Does apply have hidden functions?,270,3
Need explanation for this challenge solution code,280,8
Creating a Horizontal Bar-Chart,745,7
Donâ€™t forget your fish tank security loophole,536,2
Change a special character in a tag,301,7
Got stuck on codewars js challenge,295,2
SQL Query with variable name table in Stored Procedure using MySql 8 version,792,6
Member of the Month for February 2009,314,1
How can I just get the token out of my local storage?,268,2
Rss to pocket,613,4
Is it possible to make a firefox plugin for private use?,256,2
Trying to eliminate gap between <img> and <figcaption>,1449,38
Google Maps frustration,815,12
Manipulating date/time,254,3
Content property,1146,22
"Bigger screens and ""list"" + ""card"" on the same page",813,15
"Slideshow is ""empty"" initially",1109,21
All Input display the alert javascript or jquery,259,3
Send emails to multiple recipients,392,4
Got stuck on coding challenge,392,2
Dropping middle flex item,1116,26
"Document.write(fopen("".txt"", ""r"") {basically}",520,5
Cant understand array_splice(...) with 4 arguments?,646,6
How to long poll this AJAX request,437,4
Access to all childs from a div?,419,14
How to match Two Password,397,11
Server 503 error when uploading video,377,5
Array_slice(),416,3
Member of the Month April 2021,1189,18
Which was made first?,365,3
Trying to get this code to work outside of CodePen,282,2
Webp control animation,531,7
"Labels for login, register and CTA?",642,5
Popularity order php sql,470,6
Using pivot to join tables using Mysql 8 version,541,6
Is this a constructor pattern (when I search the web it doesn't seem like it)?,236,3
Parent height of css Grid container,952,3
Apache SSL seems to fail,726,7
Server certificate need help,852,4
Add changes to HTML sections using JavaScript condition,275,2
Sale countdown timer and pass different price to payment gateway,218,3
Scrutinizer,309,7
How do I create a styled audio?,353,6
Mysql - decimals keeps rounding when inserting through php,594,14
How to do SEO?,476,4
Check sentence is matched with a template,303,6
Start and end range array count in increments of 1,345,6
When will the Sitepoint community move to Facebook? :rofl:,1135,16
Hosting that does NOT use Google or Amazon?,877,9
How do I change the div color in JS?,319,11
Share button html api,558,6
Trying to Use JavaScript in Chrome to Create New Website Tabs and Enter/Use Search Terms (Is it Possible?),459,4
Breaking out of a ForEach?,473,5
Problems with socket connection java,374,2
"What is the most efficient Browser in HTML, CSS, and Javascript?",711,8
Problem executing multiple-times script on the bottom of body with javascript,357,9
Opening a page from within an iframe into the parent window from a button?,276,3
How the recursive_walk_array works?,250,3
Help with htaccess rewrite,300,3
Sorting an array,464,8
Update plugin to account for hidden focus items,546,6
What port should I use?,435,2
Fetch multiple URLs for data,299,1
TCP connection for multiThread,351,1
How to Secure the REST API and block any REST API?,234,1
Replacing a string with a substring,465,2
Border-radius: 22.5%; is equivilant to what in px?,290,2
Rewriting rules not working as expected,674,7
Something related to flex new div and give full width,861,10
Error yourdamin.com/v/l9zDP WordPress in Search Console,483,2
Spaces in GET[],306,4
Creating bar charts,2645,54
How to add or change some features on elementor,444,2
How Do I make a small styled hover text,372,6
Need help for the alignment of my button,702,9
Automatically delete cookies,276,4
Help with php code,1112,25
Testspector - IntelliJ IDEA plugin which helps developers with writing unit tests,433,3
Javascript 8-ball help,328,3
What type of app are you interested in when learning a new library,319,3
Spotify api request access token issue,262,2
Font awesome Unicode icon is not shown in dropdown list,317,5
My button doesn't successfully call a function on another html page,432,6
Processing payment with stripe using php,862,8
Function returns.... need some help,705,6
Including html files within html,639,19
PHP Form not showing Success or Error messages when submitted,595,16
What is the best way to write this CSS Grid?,386,4
Target List Items with id and nth-child?,343,4
"Positioning elements, responsiveness etc",385,2
Domain and SSL,676,9
Formwrapper DIV floating out of place,291,2
The simplest AJAX/AJAJ/XHR/JHR between PHP contact form submission and submit acction,733,8
Is no JavaScript contact form an accessibility problem?,575,4
Limitation on loan calculator from a tutorial,1069,46
Feedback on Landing Page Design Courses Sale,685,4
Using the compound interest formula,257,16
Laravel and Database OOP,579,6
How to convert php function to javascript or Jquery?,529,5
SQL date interval list rows last active at least 30 days after creation,784,5
Source code iframe html responsive,297,2
The age of Success - The dogma vs real vs reality,431,3
Mysql connection not working on new server!,542,7
JS to reposition elements when they leave the viewport?,315,3
Alphabet letters in svg,814,6
Simple examples of Event Listeners in Javascript,1453,23
Struggling to upload large video files Ajax and PHP,495,6
Looping through an array,510,4
Mapbox not showing up,352,3
Building a slideshow using Free Frontend,809,6
How to fix Lumen routes won't work except '/' and other generate 500 server error,235,1
"Array help [0], somehow take [0] data and merge with correct area",307,3
Change background of second last item in a nav,347,6
How to count the number of button clicks?,389,5
Add Phone Image,240,2
Develop applications PHP & MySQL,598,6
How to integrate browser messages and PHP,499,4
Session token expiring,1007,19
Stop direct (bot) access to my website forms,411,5
Fitting Blue Image,482,12
Overlay for section background photo,420,10
Which SEO tools do you regularly use?,1131,9
RTL (Hebrew) PHP contact form problem,489,6
Double Header Image,371,6
[SOLVED] Fool proof way to embed?,373,3
Best way to include html inside foreach loop?,269,2
"Question related to Laravel Model, and a YouTube video",316,2
Use zsh aliases to open specefic url,493,3
Display the star First then normal,270,2
"Is a product page, about us page, contact page and information page a ""landing page""?",515,3
How to delete rows which used to concatenate a string using MySql,575,4
Mime type of sql,340,3
Install latest stable version rather than dev-master,538,9
Unexpected characters in windows batch file in notepad,359,2
How do I insert a textbox into Command prompt in a .bat file in notepad?,385,8
Transparency on IOS,355,3
Best UI and UX design practices to implement in an e-commerce website,677,1
Upload Custom HTML and CSS files,530,3
Checking a database does exist or doesn't exist,287,3
How to call a function,1002,12
Are there any caveats to populating an accordion via a database?,672,13
How can I convert a string date to an object?,292,2
CodePen is too small,631,5
Programmatically creating a dump of MYSQL through PHP,2019,21
"Update table with chapters, paragraphs and paragraph content using MySql version 8.0.17",693,10
I always get permission denied after git pull,850,11
How to integrate a website contact form and connect with Google Sheets,458,4
What resources are there to embed the latest blog posts from my WP site on my external site?,425,1
"Codignitor ajax within ajax, controller not receiving data",417,11
Adding bootstrap HTML5 to Wix website,399,1
Why can't I add a new row?,1686,50
Gallery With Aside: Best way to achive this?,428,1
Laravl public app.css is empty,574,4
How to update with Service Worker the Apps(PWA) Front Page,233,1
Incorrect cursor showing in dropdown menu,477,4
Pop-out Element (google map) on mobile?,482,11
What else should I do in SEO to increase my websites SERP?,672,4
How Do I Change Placeholder Color in an input textbox?,405,3
How to install HeidiSQL to macbook,439,1
How to remove CSS theme using version?,479,4
Brand New to BlueHost and All Ready a Lost Puppy and still a website and forum to build?,1382,7
Respond to radio buttons clicks in AngularJS,339,2
Redirect (Page Visibility API),437,9
Header menu centered and logo float to left?,413,4
Syntax SELECT EXISTS using MySql version 8.0.17,551,3
What is the official JavaScript logo?,1022,4
"Submit form on Dialog Save. Form contained inside an iframe. ""Save"" button is not triggering the form Submit",567,4
Positioning Dragged Dropped Object,314,3
What to call frameworks and languages used in a project as a header?,267,2
Code only works in dev tools debugger,547,16
How to make a slider that shows people and the description of them,361,3
What should be my requirements,817,8
How to make a custom website with HTML?,730,8
Receiving Wordpress a server error,517,8
How to work properly with responsive design?,465,5
How to change the lighting of an image in CSS,424,10
Turn variable into literal string?,744,10
Wordpress Website speed is too slow?,533,5
Using Corcel with Laravel,431,1
Toggle function,473,6
Stuck in a slideshow whats wrong in my code,422,3
Sharing an email account,497,7
Background issue,348,5
Readline functions undefined,570,7
Web application and allowed news inside browser,291,2
After installing reCaptcha V3 I need to click twice on the submit button,762,5
Issues with dynamic website,600,6
Newby in Visual Studio Code search for some features,294,1
PHP PDO Member Search returns with whitespace when selected,849,21
SQL MariaDB syntax error,747,12
I Need A Website Topic (Don't mention blogs),1187,17
Which record do I update to point domain to new hosting?,427,2
Business directory main/sub category SEF URL question,606,5
Is WordPress free to use?,1282,12
Restoring the previous values of 4 rows before updated,330,2
Need UI with Freezing Header on Scroll,338,2
Asp form - checkbox default value,861,7
How to make browser custom styles (Chrome) work on Google Earth Web?,379,3
Trying to parse an email for custom X-headers,588,4
Variable seems to go missing,334,2
Invert color text,868,11
How can I keep all the logic in combineLatest from this.route.paramMap but add one more condition?,308,1
I want to design for cell,649,3
Copy and paste within Dreamweaver,288,1
Uncaught (in promise) DOMException: The fetching process for the media resource was aborted by the user agent at the user's request,1962,3
Need help in optimizing my portfolio website for mobile use,557,14
Htaccess defaults to 404,668,6
Make back button load from cache,1236,11
Array program of Php embedded in HTML tags giving wrong output,568,9
Is it easy to mod apk game or app?,380,4
Mysqladmin,514,2
Having multiple option headers/groups?,307,5
MySql version 8.0.17 average datediff,560,11
"SecurityError: Blocked a frame with origin â€œionic://localhostâ€ from accessing a cross-origin frame. Protocols, domains, and ports must match",1030,1
Font-size differences,510,8
Css grid hide column,2098,5
How do you link HTML file to your php one?,468,8
YouTube Spacebar search issues,310,2
Login sign up,451,8
How to proportionally scale an image grid,333,2
CSS Sun Rays,913,2
Astroturfing based on Twitter,468,1
Inserting hidden field into database,518,4
How do I change the border-radius of the top only? but not the bottom (CSS) (FIXED),309,3
Certain images result in 403,498,7
Why is my Bottom scrollbar going longer than usual (already FIXED),690,23
"How do I Make my website not to enable horizontal scroll on a phone, tablet, or small screens",333,3
How can I align this media,278,3
Reveal image on hover,1128,16
Conditioning background color fails,220,3
Is learning code writing from someone else the right way?,755,14
How can I set Content-Policy-Header to upgrade-insecure-requests?,507,6
"If, else if, else question",426,5
Inside Out: Affiliate Marketing Questions,598,1
Submitting a form,290,2
Wordpress: Relating Posts To Each Other: Separate CPT?,427,2
SVG concentric border widths,671,11
Mysql join issue,537,5
"Discord.js ""SyntaxError: await is only valid in async function""",1041,4
Mutation Observer,1159,34
Google Ad inside this kind of layout?,721,4
Javascript if...else and prompt and alert messages,591,8
Re-inventing the wheel with a small DOM helper script,330,1
How to learn next level in PHP,1590,30
Run a function once an option is selected,333,3
Need help reading regular expression,1667,45
Difficulty when trying to filter data from fetch Api,689,8
"Flatten array with (nodelists, HTMLCollections, strings etc.)",384,6
Making a fixed layout responsive,5182,260
Suggest a good laptop,879,18
Best way to store/organise empty data in database?,476,6
? .then(result)=>{?,612,8
What's the use of :before when clearfix an element?,346,3
Unable to add (+=) to associative array,587,5
clickeEvent does not trigger when wrapped in DIV,313,3
Wordpress styles not loading,725,7
Price Range class,960,11
How to change multiple different texts by button click?,424,3
Chat is not opening from current message or from last message,284,2
Advice on API development,931,12
While keyword question from a newbie,485,6
How to add left and right margin,606,6
How many soft bounces before marking an email as bouncing?,693,5
Help me figure out why there is gray around the central buttons,342,3
How do I create a Player for a Podcast using RSS Feed?,301,3
Transparent Sticky Nav Bar that changes color on Scroll,397,6
How do I use a variable in less js as a command that appears before a parenthesis?,464,4
Is there a simplier way to write this code?,509,4
Select difference between row dates in MySQL database 8.0.17,505,5
English version of this class?,498,6
"Responsive image scaling: ""height=100%"" isn't working",621,6
Resources for OOP implementations,378,3
CSS Hover on Option Makes Text Disappear,646,8
Is generating XML files obsolete and deprecated by PHP?,545,8
Populating a date field with select drop downs / Cross browser issue,437,5
Better Navigation? #2,663,9
How can I union all rows of two different tables using MySQL 8.0.17 version?,421,5
How can I loop through all rows of a table? (MySQL 5.5.46 version hosting),426,5
External jQuery and JSON not working,365,8
Scaling Image Grid CSS,477,9
How to move all inline scripts and styles into external files?,778,10
Matplotlib: No plot,654,4
"Software with Datbases,UI Designer and Database Forms",446,1
Annotations / call out key points in article,503,2
Why I canâ€™t load an image in tui image editor in react,567,3
About Docker and PHP,1438,69
PHPStorm problems,471,7
Deleting many rows from a big table MySql 5.5.46,373,3
Sentence editing word,536,14
How to format text for URL pattern?,405,4
Navigation Bar,636,7
I want the style to persist,667,15
"What is the best youtube channel for learn HTML, CSS, Javascript, PHP, Bootstep",344,3
Why is JavaScript onclick not firing and CSS cursor not pointing!,437,3
Using tests to help improve structure of some code,943,9
How to get a right version of @types/bootstrap from NPM?,263,2
Load content of file with AJAX (plain JS),577,14
How can I set referrer policy header for my site?,519,2
How to Toggle Between Page Sections,454,7
Cancel previous call of a function?,351,7
How come the List-Unsubscribe email header isn't prefaced with an X?,668,6
Unpredictable result,313,6
Hexspiral code issue,1316,20
Adding color overlay to existing img,321,3
Uncaught SyntaxError: Invalid or unexpected token â€œ\nâ€ in Javascript,632,3
Meta tags for every page,590,2
Media queries orientation: landscape,4897,54
CSS border dotted,440,6
Minify CSS,520,5
Column Layouts,456,8
Fast reliable method to check an external image URL,972,13
Selecting number of price increases,553,6
Need a full-width horizontal navigation bar,882,16
getBoundingClientRect() Doesn't Return Information About the Box,255,2
Toggling Between Active and Not Active,289,3
Generate dynamic html css layout,283,3
Explode a fullname in a variable,440,6
Display .txt in <grid><ifram> /out vertical scrollbar?,296,2
Website builder too for clients?,1023,5
How to animate a bg image to slide down when scrolling over section,304,2
What's the problem with data that doesn't go into databaseØŸ,944,32
Need help with a logging function that I tweaked,970,7
"Can an ISP's virus check cause my sent emails to be ""viewed""?",728,10
Submit data from website via email,390,2
App for tracking weeks passed in an average lifespan,784,14
Cell phone 1st try,1114,24
Moving sim card between phones,349,14
Robots.txt allow only /.well-known/assetlinks.json,671,4
Certifications available?,791,12
You can only play one game for the rest of your life,1058,9
I made an npm module based on IndexedDB,483,6
YouTrack + workflows,319,1
Secure Connection Failed : Firefox 85.0.2. (64-bit),696,12
OOP PHP CRUD problem - registration/login system,760,12
How to addressing dynamic image path in react,216,1
How I Can Minify CSS and JavaScript Files in WordPress,486,2
Mobile (responsive) version of website does not show since switching to Cloudflare CDN - please help,367,2
CreateElement inside div without id,419,13
Flex-wrap on flexbox container only affects direct children,427,3
Add text to footer,1008,39
Select only the latest date from joined table,416,4
Iframe website 'refused to connect'?,10583,14
How to create an age column in database and date field?,1212,21
Media query head scratcher,387,6
How to Call Static Function with parameters In Twig Template 3.0,1103,7
Flex keeps wrapping even after nowrap?,756,30
How to center this image,572,4
Pdo::fetch_group,416,4
Reveal 3 items at a time with jQuery,844,5
One submit button to processed two forms,766,13
Problem in long word,300,4
Language folders within WP,348,1
Google Captcha. How to set on website?,573,3
Logo Position CSS Solution,452,11
How to make an image appear in mobile version only,370,5
What could be causing double loading of start page?,353,9
Set rows value as column name using MySql version 8.0.17,420,5
PHP if echo else echo using first bracket,339,4
Instagram templates for an 'Instagram Editing Templates' web app,812,6
Typing and deleting letters of a word in the JS,1208,39
User notification preferences,619,13
SQL Query to union all table names on a database with MySQL,611,10
How to get 2 meta_value from database wp?,397,2
How to get multiple rows as variables from different select queries,348,4
How to include single quotes in the value of a text string,1790,24
Need free SSL,552,5
Adding ecommerce to a bespoke site,1332,10
One input - two classes,429,8
Side Navigation Bar with parent and child page,404,4
SQL joins Problem,398,2
How to block [Violation] 'requestAnimationFrame' handler took <number>ms,1145,4
Digital clock numbers,1053,25
Command not defined when trying to send random embeds (Discord.js),949,4
Google Images Results in Search Console,546,2
"PHP PDO ""Column cannot be null""",798,20
Setting environment variables for a common application,208,1
W-9 form question for remote employee,721,5
What do users in Safari see when there is a date field?,345,5
Virtual Tour,1462,4
Php script insert sql selection into mysql database table,564,15
MySQL Stored Procedure IF multiple statement,330,1
Stacking/nesting CSS borders one on top of another?,357,5
Cant get footer to sit at the bottom of the page :-(,367,8
Speech bubble on hovering an image?,2206,111
What's a good website to search up the meaning of commands?,244,2
HTML in the middle of PHP if/else?,866,13
How can I get more people interested to my business?,1187,8
How to have no validation when selecting a value on dropdown,750,14
"JQuery and ""this"" confusion",851,15
Navigate to,336,3
Have difficulty understanding a logic in JS slider script,1100,22
Autofill hover font size,1514,16
Creating a live spreadsheet that can be downloaded and uploaded and connected with MySQL database?,295,1
How can I get preg_match_all to count occurrences?,629,6
Css issue when loading the site,302,2
How can I make an html form accept regex backslashes?,230,2
Capturing Camera video and sending to rtmp server,311,2
Node . command not working for discord,1185,3
Database sum - automate the search criteria instead of hard coding the value,381,4
Run a selenium script from within wordpress,299,1
DIV Wrappers,2024,114
How to delay the loading and rendering of selected assets,475,3
How to make ajax request from wordpress theme template file,345,1
Iframe preview on hover,523,13
Problem drag and drop replacing button,965,11
Using Nested Gradients,380,5
Content Security Policy blocks inline execution of scripts and stylesheets,2149,6
How can I optimize my PHP code for better performance,613,5
Testing PWA in iPhone,288,1
Problems with calendar,2007,142
"How to put variable in array, wp_insert_post?",399,2
How to ignore ENTER key from clearing dynamic search,393,3
Php function to delete all files and subfolders except one nominated subfolder,690,13
Updating a GitHub repository,372,3
Add Two Email address to email form,306,3
How to build valuable backlinks?,2113,36
Has Sitepoint been hacked?,3193,31
What is the best way to create a quadrant or 2 by 2 boxes?,611,8
Text-decoration,979,5
Detect which link was clicked inside <iframe>?,1746,12
"I created website, what now? How to add a domain?",1039,6
Is CodePen down for anyone else?,596,14
Uncaught TypeError: Cannot read property 'getAttribute' of undefined?,985,11
Sidebar height - oceanwp theme,336,7
Why is my navbar collapsing too fast?,534,11
JQuery toggle Function,288,4
HighlightJS in an HTML template,493,4
Preloader always display to late,569,5
Phantom option lines in select input,319,4
File upload using HTML form on Git Bash server,519,8
Is there a correct way to center elements?,997,22
Accordions only at specific breakpoint?,401,4
Cookie Alert Banner Sits Under Left Nav,301,5
How important is the SEO,1072,11
Security on a php form,2188,16
Optimole wordpress use,401,8
Converting string to Datetime is showing Invalid Date error in Firefox browser,501,3
How do I make my sites mobile version font size bigger?,495,7
"Advanced CSS, How to center exactly this font-awesome 4 animation?",1710,44
How would I shrink this to 600x200?,303,4
About Reddit traffic,886,7
Get exact object which contains part of string from another array,694,18
Traffic drop by 49.75% after migration from Magento to Shopify?,1418,15
My site Impressions has dropped,1526,10
Ruby free ebooks for begginer,582,3
Regarding for Javascript Libraries,493,5
Wildcard Subdomains using htacess with multiple variables,1304,34
Display an email without getting spammed,1607,27
WordPress Theme And Problems With Visual Effects,567,7
Adding business to Google Maps,563,5
Running tcpdump from web page,628,7
"Bootcamp vs. css grid: what's better for coding cross-browser, accessible pages?",508,5
Contact form what do i need to make it work?,442,3
Soccer ball drop in a stadium,1344,54
Vuejs not delivering anticipated result,472,6
Multiple instances of plugin being called wonks out,540,4
Ligatures?,310,7
How to call various paths?,404,4
How to speed up website?,337,3
1 query and 1 conditional query OR always 2 queries,377,2
Merging 2 exported mysql files,494,3
Css for shapes / before after element,815,13
AWS PHP Symfony with Python,340,1
PDO Prepare two queries together,517,5
Home page doesn't scroll properly on Andriod Mobile Devices,393,4
Cons of changing blog title & domain,451,7
Navigation link to PDF,338,3
Help customising a theme,246,1
Building a simple responsive site from scratch,1091,13
Scale screen content to fit browser height,540,8
How to send states from a component to another in react,359,2
I get a too few arguments error,721,5
Bottom and right border with no border padding,779,20
How to achieve this effect?,378,9
How to create .htaccess rewrite rule for one specific file in directory,381,1
Whats the best type of loop?,1891,21
Getting rid of bullets in a bitmap-based list,497,10
How to move elements around with javascript?,1095,18
Slideshow isn't working after the html file containing it was copied and pasted to the new place,810,13
Listbox doesn't look good on mobile device,608,5
HTML tags in visual part of the WYSIWYG-editor,425,2
New Password,348,4
Pass json array to form problem,495,12
Deep Purple in coding!,2165,171
Unregister WP Google Font,391,1
An attempt to create a simple image slider in Vanilla JS,1686,29
